"おまえ房総半島なんだ、俺は安全運転湾だけど🌊","おまえ房総半島なんだ","俺は安全運転湾だけど🌊","ぼうそうはんとう","あんぜんうんてんわん",https://twitter.com/undefined/status/1656203123793494025
"おまえ左スティックなんだ、俺はプリーツスクィアールくすぐりだけど","おまえ左スティックなんだ","俺はプリーツスクィアールくすぐりだけど","ひだりすてぃっく","ぷりーつすくぃあーるくすぐり",https://twitter.com/undefined/status/1648607328391012353
"おまえ天気の子なんだ、俺はサウザンドタケノコだけど🎍","おまえ天気の子なんだ","俺はサウザンドタケノコだけど🎍","てんきのこ","さうざんどたけのこ",https://twitter.com/undefined/status/1640634735578976256
"おまえ大学院なんだ、俺は小がキングだけど🫅","おまえ大学院なんだ","俺は小がキングだけど🫅","だいがくいん","しょうがきんぐ",https://twitter.com/undefined/status/1640552364284473344
"おまえインベイダーなんだ、俺は陽アナキンだけど","おまえインベイダーなんだ","俺は陽アナキンだけど","いんべいだー","ようあなきん",https://twitter.com/undefined/status/1638741515051859969
"おまえ渋滞なんだ、俺は十一カンボジアだけど🇰🇭","おまえ渋滞なんだ","俺は十一カンボジアだけど🇰🇭","じゅうたい","じゅういちかんぼじあ",https://twitter.com/undefined/status/1634873952240799744
"おまえ免罪符なんだ、俺はウーマン小銭入れだけど👛","おまえ免罪符なんだ","俺はウーマン小銭入れだけど👛","めんざいふ","うーまんこぜにいれ",https://twitter.com/undefined/status/1630683109762170882
"おまえ精神的支柱なんだ、俺は肉体的カレーだけど🍛","おまえ精神的支柱なんだ","俺は肉体的カレーだけど🍛","せいしんてきしちゅう","にくたいてきかれー",https://twitter.com/undefined/status/1629983643593740289
"おまえクライアントなんだ、俺は明るいキリギリスだけど🐜","おまえクライアントなんだ","俺は明るいキリギリスだけど🐜","くらいあんと","あかるいきりぎりす",https://twitter.com/undefined/status/1624914322148442112
"おまえ士農工商なんだ、俺は生きよう低俗だけど","おまえ士農工商なんだ","俺は生きよう低俗だけど","しのうこうしょう","いきようていぞく",https://twitter.com/undefined/status/1624194336249511939
"おまえハイキングウォーキングなんだ、俺はイイエスレイブピース民だけど🫅","おまえハイキングウォーキングなんだ","俺はイイエスレイブピース民だけど🫅","はいきんぐうぉーきんぐ","いいえすれいぶぴーすみん",https://twitter.com/undefined/status/1623605245699031040
"おまえ闇バイトなんだ、俺は光8ビットだけど🚅","おまえ闇バイトなんだ","俺は光8ビットだけど🚅","やみばいと","ひかりはちびっと",https://twitter.com/undefined/status/1622795559944994816
"おまえアニバーサリーなんだ、俺は妹爺アオザイだけど👵","おまえアニバーサリーなんだ","俺は妹爺アオザイだけど👵","あにばーさりー","いもうとじいあおざい",https://twitter.com/undefined/status/1620480513336291329
"おまえ薬剤師なんだ、俺は任侠岩だけど🪨","おまえ薬剤師なんだ","俺は任侠岩だけど🪨","やくざいし","にんきょういわ",https://twitter.com/undefined/status/1617359649875038208
"おまえハイヒールなんだ、俺はいいえ水いらないだけど🔥","おまえハイヒールなんだ","俺はいいえ水いらないだけど🔥","はいひーる","いいえみずいらない",https://twitter.com/undefined/status/1610420300986056705
"おまえ加湿器なんだ、俺はレンタル太陽だけど🌞","おまえ加湿器なんだ","俺はレンタル太陽だけど🌞","かしつき","れんたるたいよう",https://twitter.com/undefined/status/1604035770964013056
"おまえコインランドリーなんだ、俺はオサツアルクニモだけど🐠","おまえコインランドリーなんだ","俺はオサツアルクニモだけど🐠","こいんらんどりー","おさつあるくにも",https://twitter.com/undefined/status/1603167974210142208
"おまえテラスタルなんだ、俺は神社栄えるだけど⛩️","おまえテラスタルなんだ","俺は神社栄えるだけど⛩️","てらすたる","じんじゃさかえる",https://twitter.com/undefined/status/1600846293676326914
"おまえモドリッチなんだ、俺はススムッペだけど","おまえモドリッチなんだ","俺はススムッペだけど","もどりっち","すすむっぺ",https://twitter.com/undefined/status/1599792983490297859
"おまえクロアチアなんだ、俺はシロサムサだけど🇭🇷","おまえクロアチアなんだ","俺はシロサムサだけど🇭🇷","くろあちあ","しろさむさ",https://twitter.com/undefined/status/1598947752645660672
"おまえ五等分の花嫁なんだ、俺は佐藤ぶるな草見ろだけど🌱","おまえ五等分の花嫁なんだ","俺は佐藤ぶるな草見ろだけど🌱","ごとうぶんのはなよめ","さとうぶるなくさみろ",https://twitter.com/undefined/status/1598756686390759424
"おまえ夜郎自大なんだ、俺は乙女現代だけど👵","おまえ夜郎自大なんだ","俺は乙女現代だけど👵","やろうじだい","おとめげんだい",https://twitter.com/undefined/status/1598154817989275648
"おまえ量産型女子なんだ、俺は部長型形容詞だけど👮","おまえ量産型女子なんだ","俺は部長型形容詞だけど👮","りょうさんがたじょし","ぶちょうがたけいようし",https://twitter.com/undefined/status/1597317599398072321
"おまえ天気の子なんだ、俺はナンロック金槌だけど🔨","おまえ天気の子なんだ","俺はナンロック金槌だけど🔨","てんきのこ","なんろっくかなづち",https://twitter.com/undefined/status/1590988260045893632
"おまえ二ノ国なんだ、俺は相葉くん村だけど🏝","おまえ二ノ国なんだ","俺は相葉くん村だけど🏝","にのくに","あいばくんむら",https://twitter.com/undefined/status/1588371928879800320
"おまえアーカンソー州なんだ、俺はエー潤いクリームだけど🇺🇸","おまえアーカンソー州なんだ","俺はエー潤いクリームだけど🇺🇸","あーかんそーしゅう","えーうるおいくりーむ",https://twitter.com/undefined/status/1587270906128179201
"おまえ上の空なんだ、俺Under the sea だけど🌊","おまえ上の空なんだ","俺Under the sea だけど🌊","うえのそら","うんでーる てぃーえっち しー",https://twitter.com/undefined/status/1569830268772696064
"おまえ喜ばすなんだ、俺はひろこトラックだけど🚚","おまえ喜ばすなんだ","俺はひろこトラックだけど🚚","よろこばす","ひろことらっく",https://twitter.com/undefined/status/1560836141833588742
"おまえ陰謀論なんだ、俺はアウトスティックツモだけど🀄️","おまえ陰謀論なんだ","俺はアウトスティックツモだけど🀄️","いんぼうろん","あうとすてぃっくつも",https://twitter.com/undefined/status/1559429362486652928
"おまえ照英なんだ、俺はハイドビーだけど","おまえ照英なんだ","俺はハイドビーだけど","しょうえい","はいどびー",https://twitter.com/undefined/status/1536549243212603392
"おまえエイプリルフールなんだ、俺はピープリル賢者だけど","おまえエイプリルフールなんだ","俺はピープリル賢者だけど","えいぷりるふーる","ぴーぷりるけんじゃ",https://twitter.com/undefined/status/1509818243279515648
"おまえ電子マネーなんだ、俺は出す鳥取だけど","おまえ電子マネーなんだ","俺は出す鳥取だけど","でんしまねー","だすとっとり",https://twitter.com/undefined/status/1499311140685303809
"おまえシマエナガなんだ、俺はダセミジカだけど🐦","おまえシマエナガなんだ","俺はダセミジカだけど🐦","しまえなが","だせみじか",https://twitter.com/undefined/status/1473498378428612610
"おまえ人斬り抜刀斎なんだ、俺は一混ぜ納豆臭いだけど","おまえ人斬り抜刀斎なんだ","俺は一混ぜ納豆臭いだけど","ひときりばっとうさい","いちまぜなっとうくさい",https://twitter.com/undefined/status/1461929517078007811
"おまえ絶対パスなんだ、俺はできればシュートだけど⚽️","おまえ絶対パスなんだ","俺はできればシュートだけど⚽️","ぜったいぱす","できればしゅーと",https://twitter.com/undefined/status/1455408529754361858
"おまえ3回まわってワンなんだ、俺は6回まわってフォーだけど","おまえ3回まわってワンなんだ","俺は6回まわってフォーだけど","さんかいまわってわん","ろくかいまわってふぉー",https://twitter.com/undefined/status/1451118152490749954
"おまえアメリカンスピリッツなんだ、俺は中國的肉体だけど🇨🇳","おまえアメリカンスピリッツなんだ","俺は中國的肉体だけど🇨🇳","あめりかんすぴりっつ","ちゅうごくてきにくたい",https://twitter.com/undefined/status/1402552461856886791
"おまえサロンパスなんだ、俺は玄関シュートだけど⚽️","おまえサロンパスなんだ","俺は玄関シュートだけど⚽️","さろんぱす","げんかんしゅーと",https://twitter.com/undefined/status/1329949976961581056
"おまえエイリアンなんだ、俺はティーボランだけど。","おまえエイリアンなんだ","俺はティーボランだけど。","えいりあん","てぃーぼらん",https://twitter.com/undefined/status/1328122802935717888
"おまえ袈裟斬りなんだ、俺は今宵スラッシュだけど。","おまえ袈裟斬りなんだ","俺は今宵スラッシュだけど。","けさぎり","こよいすらっしゅ",https://twitter.com/undefined/status/1327346436975968256
"おまえ波浪警報なんだ、俺はグッバイ黙認だけど。","おまえ波浪警報なんだ","俺はグッバイ黙認だけど。","はろうけいほう","ぐっばいもくにん",https://twitter.com/undefined/status/1318830150004342785
"おまえエスカレーターなんだ、俺はエムハエーターだけど。","おまえエスカレーターなんだ","俺はエムハエーターだけど。","えすかれーたー","えむはえーたー",https://twitter.com/undefined/status/1326461780600610816
"おまえカーバンクルなんだ、俺はリュック来ないだけど。","おまえカーバンクルなんだ","俺はリュック来ないだけど。","かーばんくる","りゅっくこない",https://twitter.com/undefined/status/1319883900437475328
"おまえキングヌーなんだ、俺は女王ワニだけど。","おまえキングヌーなんだ","俺は女王ワニだけど。","きんぐぬー","じょおうわに",https://twitter.com/undefined/status/1315874915543740416
"おまえミスタードーナツなんだ、俺は女鯛焼き屋だけど。","おまえミスタードーナツなんだ","俺は女鯛焼き屋だけど。","みすたーどーなつ","おんなたいやきや",https://twitter.com/undefined/status/1312659655655485442
"おまえチャリティーなんだ、俺はバイクコーヒーだけど。","おまえチャリティーなんだ","俺はバイクコーヒーだけど。","ちゃりてぃー","ばいくこーひー",https://twitter.com/undefined/status/1310504739226886145
"おまえ注意力散漫なんだ、俺は注意力三十二億だけど。","おまえ注意力散漫なんだ","俺は注意力三十二億だけど。","ちゅういりょくさんまん","ちゅういりょくさんじゅうにおく",https://twitter.com/undefined/status/1310092443677634560
"おまえインスタ映えなんだ、俺はアスワンツェツェバエだけど。","おまえインスタ映えなんだ","俺はアスワンツェツェバエだけど。","いんすたばえ","あすわんつぇつぇばえ",https://twitter.com/undefined/status/1309545405730807808
"おまえ一生のお願いなんだ、俺は三小のまさだけど。","おまえ一生のお願いなんだ","俺は三小のまさだけど。","いっしょうのおねがい","さんしょうのまさ",https://twitter.com/undefined/status/1307703145825357824
"おまえアルカナ ナイトジョーカーなんだ、俺はナイカモアルトバットマンだけど。","おまえアルカナ ナイトジョーカーなんだ","俺はナイカモアルトバットマンだけど。","あるかな ないとじょーかー","ないかもあるとばっとまん",https://twitter.com/undefined/status/1304242420121387008
"おまえスーパーチャットなんだ、俺はウルトラ文通だけど。","おまえスーパーチャットなんだ","俺はウルトラ文通だけど。","すーぱーちゃっと","うるとらぶんつう",https://twitter.com/undefined/status/1303533884626202624
"おまえ孫正義なんだ、俺は曾孫悪徳だけど。","おまえ孫正義なんだ","俺は曾孫悪徳だけど。","そんまさよし","ひまごあくとく",https://twitter.com/undefined/status/1298491879437135873
"おまえOfficial髭男dismなんだ、俺は非公式腋毛クサイズムだけど。、","おまえOfficial髭男dismなんだ","俺は非公式腋毛クサイズムだけど。、","おふぃしあるひげだんでぃすむ","ひこうしきわきげくさいずむ",https://twitter.com/undefined/status/1295700445105545216
"おまえ九段下なんだ、俺は五兆段上だけど。","おまえ九段下なんだ","俺は五兆段上だけど。","きゅうだんした","ごちょうだんうえ",https://twitter.com/undefined/status/1293502494279049217
"おまえ十一代目剣八なんだ俺は2億代目わた八だけど","おまえ十一代目剣八なんだ","俺は2億代目わた八だけど","じゅういちだいめけんはち","におくだいめわたはち",https://twitter.com/undefined/status/1276466566310162438
"おまえセンチュリートゥエンティーワンなんだ、俺は五十五世紀から来たけど🕥","おまえセンチュリートゥエンティーワンなんだ","俺は五十五世紀から来たけど🕥","せんちゅりーとぅえんてぃーわん","ごじゅうごせいきからきた",https://twitter.com/undefined/status/1176730567565406210
"おまえCoCo壱番屋なんだ、俺はシックスビリオンファイブミリオンフォーサウザウントサーティワンだけど🍨","おまえCoCo壱番屋なんだ","俺はシックスビリオンファイブミリオンフォーサウザウントサーティワンだけど🍨","ここいちばんや","しっくすびりおんふぁいぶみりおんふぉーさうざうんとさーてぃわん",https://twitter.com/undefined/status/1174971267511771136
"おまえ五里霧中なんだ、俺は二百里オーシャンビューだけど🌊","おまえ五里霧中なんだ","俺は二百里オーシャンビューだけど🌊","ごりむちゅう","にひゃくりおーしゃんびゅー",https://twitter.com/undefined/status/1174227306342207494
"おまえ一点透視法なんだ、俺は百点千里眼だけど","おまえ一点透視法なんだ","俺は百点千里眼だけど","いちてんとうしほう","ひゃくてんせんりがん",https://twitter.com/undefined/status/1169531663593828352
"おまえ珪藻土なんだ、俺はブイブレードだけど⚔","おまえ珪藻土なんだ","俺はブイブレードだけど⚔","けいそうど","ぶいぶれーど",https://twitter.com/undefined/status/1562293355551211520
"おまえ切り付けるんだ、俺は無法殴るけど","おまえ切り付けるんだ","俺は無法殴るけど","きりつける","むほうなぐる",https://twitter.com/undefined/status/1951235204942569699
"おまえ忌憚ないんだ、俺は森足りてるけど","おまえ忌憚ないんだ","俺は森足りてるけど","きたんない","もりたりてる",https://twitter.com/undefined/status/1952663092086595769
"おまえ忌々しいんだ、俺は過去過去Bだけど","おまえ忌々しいんだ","俺は過去過去Bだけど","いまいましい","かこかこびー",https://twitter.com/undefined/status/1950725823356678572
"おまえ匿ってるんだ、俺は飛車待ってないけど","おまえ匿ってるんだ","俺は飛車待ってないけど","かくまってる","ひしゃまってない",https://twitter.com/undefined/status/1949045742288711855
"おまえ嘲るんだ、俺は傷殴るけど","おまえ嘲るんだ","俺は傷殴るけど","あざける","きずなぐる",https://twitter.com/undefined/status/1927539500734968301
"おまえ報われるんだ、俺は不純割れないけど","おまえ報われるんだ","俺は不純割れないけど","むくわれる","ふじゅんわれない",https://twitter.com/undefined/status/1929405981731017105
"おまえ見下してるんだ、俺はテト出してないけど","おまえ見下してるんだ","俺はテト出してないけど","みくだしてる","てとだしてない",https://twitter.com/undefined/status/1921769386156736682
"おまえ叩き潰すんだ、俺は少々きつくない美人だけど","おまえ叩き潰すんだ","俺は少々きつくない美人だけど","たたきつぶす","しょうしょうきつくないびじん",https://twitter.com/undefined/status/1919917570947482080
"おまえ歩かせるんだ、俺はない貸せないけど","おまえ歩かせるんだ","俺はない貸せないけど","あるかせる","ないかせない",https://twitter.com/undefined/status/1918557714239689104
"おまえ憚られるんだ、俺は高さ狩るけど","おまえ憚られるんだ","俺は高さ狩るけど","はばかられる","たかさかる",https://twitter.com/undefined/status/1917527065966043173
"おまえ報われないんだ、俺は不純割れるけど","おまえ報われないんだ","俺は不純割れるけど","むくわれない","ふじゅんわれる",https://twitter.com/undefined/status/1899773842299793742
"おまえ輝いてるんだ、俺は越前濡らしてるけど","おまえ輝いてるんだ","俺は越前濡らしてるけど","かがやいてる","えちぜんぬらしてる",https://twitter.com/undefined/status/1893190798361141349
"おまえ励みたいんだ、俺は髪見たくないけど","おまえ励みたいんだ","俺は髪見たくないけど","はげみたい","かみみたくない",https://twitter.com/undefined/status/1860992925636989227
"おまえ情けないんだ、俺はJAXA毛あるけど","おまえ情けないんだ","俺はJAXA毛あるけど","なさけない","じぇーえーえっくすえーけある",https://twitter.com/undefined/status/1853592092846735613
"おまえ見下してるんだ、俺はずんだもん出してないけど","おまえ見下してるんだ","俺はずんだもん出してないけど","みくだしてる","ずんだもんだしてない",https://twitter.com/undefined/status/1851191453365780541
"おまえなんか疲れたんだ、俺はチャパティ負け生えたけど","おまえなんか疲れたんだ","俺はチャパティ負け生えたけど","なんかつかれた","ちゃぱてぃまけはえた",https://twitter.com/undefined/status/1841646160920117350
"おまえもう恋なんてしないんだ、俺はモンゴル以北足木刀だけど","おまえもう恋なんてしないんだ","俺はモンゴル以北足木刀だけど","もうこいなんてしない","もんごるいほくあしぼくとう",https://twitter.com/undefined/status/1839124889875390590
"おまえ従わないんだ、俺は上側あるけど","おまえ従わないんだ","俺は上側あるけど","したがわない","うえがわある",https://twitter.com/undefined/status/1838737496609583195
"おまえ培ってるんだ、俺は砂売ってるけど","おまえ培ってるんだ","俺は砂売ってるけど","つちかってる","すなうってる",https://twitter.com/undefined/status/1837089398959267845
"おまえ養ってるんだ、俺はココナッツ枯らしてるけど","おまえ養ってるんだ","俺はココナッツ枯らしてるけど","やしなってる","ここなっつからしてる",https://twitter.com/undefined/status/1834500456451891464
"おまえ血走ってるんだ、俺は神奈川知らないけど","おまえ血走ってるんだ","俺は神奈川知らないけど","ちばしってる","かながわしらない",https://twitter.com/undefined/status/1834020536047075356
"おまえ閃いたんだ、俺は鰈いなかったけど🐡","おまえ閃いたんだ","俺は鰈いなかったけど🐡","ひらめいた","かれいいなかった",https://twitter.com/undefined/status/1813219508213194992
"おまえ脅かすんだ、俺は櫛濡らさすけど🪮","おまえ脅かすんだ","俺は櫛濡らさすけど🪮","おどかす","くしぬらさす",https://twitter.com/undefined/status/1795355162313359714
"おまえ嘲ってるんだ、俺は瘡蓋殴ってるけど🩹","おまえ嘲ってるんだ","俺は瘡蓋殴ってるけど🩹","あざわってる","かさぶたなぐってる",https://twitter.com/undefined/status/1778650641998676107
"おまえかい摘んでるんだ、俺は海老握ってるけど🍣","おまえかい摘んでるんだ","俺は海老握ってるけど🍣","かいつまんでる","えびにぎってる",https://twitter.com/undefined/status/1777572213597880343
"おまえ乾かないんだ、俺は山旦那だけど🏔️","おまえ乾かないんだ","俺は山旦那だけど🏔️","かわかない","やまだんな",https://twitter.com/undefined/status/1757262729931534769
"おまえ行かなかったんだ、俺はタコあったけど🐙","おまえ行かなかったんだ","俺はタコあったけど🐙","いかなかった","たこあった",https://twitter.com/undefined/status/1755737638269817208
"おまえ忙しいんだ、俺は麓がマウンテンだけど🏔️","おまえ忙しいんだ","俺は麓がマウンテンだけど🏔️","いそがしい","ふもとがまうんてん",https://twitter.com/undefined/status/1752483898452586838
"おまえ歩きたくないんだ、俺はない南手裏剣だけど🥷","おまえ歩きたくないんだ","俺はない南手裏剣だけど🥷","あるきたくない","ないみなみしゅりけん",https://twitter.com/undefined/status/1751554885076795754
"おまえ冷めきってるんだ、俺はシャチ接着してるけど🐋","おまえ冷めきってるんだ","俺はシャチ接着してるけど🐋","さめきってる","しゃちせっちゃくしてる",https://twitter.com/undefined/status/1749984509980979664
"おまえアイス食ってるんだ、俺はユー見捨ててるけど","おまえアイス食ってるんだ","俺はユー見捨ててるけど","あいすたべてる","ゆーみすててる",https://twitter.com/undefined/status/1758162163691401405
"おまえいたたまれないんだ、俺は角材貯めれるけど🪵","おまえいたたまれないんだ","俺は角材貯めれるけど🪵","いたたまれない","かくざいためれる",https://twitter.com/undefined/status/1721696970795098449
"おまえ欲しいままにしてるんだ、俺はいらないパパしてるけど👨","おまえ欲しいままにしてるんだ","俺はいらないパパしてるけど👨","ほしいままにしてる","いらないぱぱしてる",https://twitter.com/undefined/status/1675649158030708738
"おまえ囁いてるんだ、俺はパンダに水かけてるけど🐼","おまえ囁いてるんだ","俺はパンダに水かけてるけど🐼","ささやいてる","ぱんだにみずかけてる",https://twitter.com/undefined/status/1659611817134657536
"おまえ裁かれたんだ、俺は鰤湧いたけど🐟","おまえ裁かれたんだ","俺は鰤湧いたけど🐟","さばかれた","ぶりわいた",https://twitter.com/undefined/status/1656702452526354433
"おまえ偏ってるんだ、俺は膝開いてるけど🦵","おまえ偏ってるんだ","俺は膝開いてるけど🦵","かたよってる","ひざあいてる",https://twitter.com/undefined/status/1618447379212161024
"おまえ噛みつくんだ、俺は悪魔離れてるけど","おまえ噛みつくんだ","俺は悪魔離れてるけど","かみつく","あくまはなれてる",https://twitter.com/undefined/status/1606940059722481667
"おまえ加わりたいんだ、俺は鋤掛けたいけど🧑‍🌾","おまえ加わりたいんだ","俺は鋤掛けたいけど🧑‍🌾","くわわりたい","すきかけたい",https://twitter.com/undefined/status/1592082097690542080
"おまえ忙しいんだ、俺は沖がRだけど🏄‍♂️","おまえ忙しいんだ","俺は沖がRだけど🏄‍♂️","いそがしい","おきがあーる",https://twitter.com/undefined/status/1561498277530324992
"おまえ衝き動かすんだ、俺は太陽止めるけど🌞","おまえ衝き動かすんだ","俺は太陽止めるけど🌞","つきうごかす","たいようとめる",https://twitter.com/undefined/status/1540116127241469953
"おまえトラウマ抱えてんだ、俺はロバクマ抱えてるけど🐻","おまえトラウマ抱えてんだ","俺はロバクマ抱えてるけど🐻","とらうまかかえてん","ろばくまかかえてる",https://twitter.com/undefined/status/1339353452938293248
"おまえ体火照るんだ、俺は頭民泊だけど。","おまえ体火照るんだ","俺は頭民泊だけど。","からだほてる","あたまみんぱく",https://twitter.com/undefined/status/1327187350749814784
"おまえ点と点を繋げるんだ、俺はイレブンとイレブンを繋げるけどね。","おまえ点と点を繋げるんだ","俺はイレブンとイレブンを繋げるけどね。","てんとてんをつなげる","いればんといればんをつなげる",https://twitter.com/undefined/status/1316250282792161280
"おまえ目がショボショボするんだ、俺はテラショボショボするけど。","おまえ目がショボショボするんだ","俺はテラショボショボするけど。","めがしょぼしょぼする","てらしょぼしょぼする",https://twitter.com/undefined/status/1312945869885370368
"おまえ目が疲れてるんだ、俺はテラ疲れてないけど。","おまえ目が疲れてるんだ","俺はテラ疲れてないけど。","めがつかれてる","てらつかれてない",https://twitter.com/undefined/status/1308608622981558273
"おまえ歯向かってるんだ、俺はベーコン売ってるけど🥓","おまえ歯向かってるんだ","俺はベーコン売ってるけど🥓","はむかってる","べーこんうってる",https://twitter.com/undefined/status/1695308084472848747
"おまえ固まってるんだ、俺は肘行ってるけど","おまえ固まってるんだ","俺は肘行ってるけど","かたまってる","ひじいってる",https://twitter.com/undefined/status/1557459366978404352
"おまえ賜ってるんだ、俺は棒投げてるけど","おまえ賜ってるんだ","俺は棒投げてるけど","たまわってる","ぼうなげてる",https://twitter.com/undefined/status/1537355664455962626
"おまえ無印なんだ、俺はありさんマークだけど🚛","おまえ無印なんだ","俺はありさんマークだけど🚛","むじるし","ありさんまーく",https://twitter.com/undefined/status/1230421273815072769
"おまえミニ四駆なんだ、俺はデカセグウェイだけど✈️","おまえミニ四駆なんだ","俺はデカセグウェイだけど✈️","みによんく","でかせぐうぇい",https://twitter.com/undefined/status/1171599234329526273
"おまえABCマートなんだ、俺はXYZ朝市だけど","おまえABCマートなんだ","俺はXYZ朝市だけど","えーびーしーまーと","えっくすわいぜっとあさいち",https://twitter.com/undefined/status/1163754645975515138
"おまえ四面楚歌なんだ、俺は一億面ロックだけど🎸","おまえ四面楚歌なんだ","俺は一億面ロックだけど🎸","しめんそか","いちおくめんろっく",https://twitter.com/undefined/status/1156511928631492609
"おまえロンドンブーツ1号2号なんだ、俺は東京靴流通センター1000000号だけど","おまえロンドンブーツ1号2号なんだ","俺は東京靴流通センター1000000号だけど","ろんどんぶーついちごうにごう","とうきょうくつりゅうつうせんたーひゃくまんごう",https://twitter.com/undefined/status/1154184192600580096
"おまえモンゴル800なんだ、俺はウガンダ300000000だけど🇺🇬🌚","おまえモンゴル800なんだ","俺はウガンダ300000000だけど🇺🇬🌚","もんごるはっぴゃく","うがんださんおく",https://twitter.com/undefined/status/1146579555118809088本文,本文前半,本文後半,前半のひらがな,後半のひらがな,リンク
"おまえ半導体なんだ、俺はフットシンガーだけど","おまえ半導体なんだ","俺はフットシンガーだけど","はんどうたい","ふっとしんがー",https://twitter.com/undefined/status/1940238091421430184
"おまえ未確認なんだ、俺は恭子八十一人だけど","おまえ未確認なんだ","俺は恭子八十一人だけど","みかくにん","きょうこはちじゅういちひと",https://twitter.com/undefined/status/1955466218946826483
"おまえ湯煙なんだ、俺は戻れ可能だけど","おまえ湯煙なんだ","俺は戻れ可能だけど","ゆけむり","もどれかのう",https://twitter.com/undefined/status/1954420665836306722
"おまえアキネーターなんだ、俺は春シャーリーだけど","おまえアキネーターなんだ","俺は春シャーリーだけど","あきねーたー","はるしゃーりー",https://twitter.com/undefined/status/1938063804644135058
"おまえ整骨院なんだ、俺は明菜トリプルだけど","おまえ整骨院なんだ","俺は明菜トリプルだけど","せいこついん","あきなとりぷる",https://twitter.com/undefined/status/1937040820810785124
"おまえドストライクなんだ、俺はチャカアンドラブだけど","おまえドストライクなんだ","俺はチャカアンドラブだけど","どすとらいく","ちゃかあんどらぶ",https://twitter.com/undefined/status/1944335378908922226
"おまえサスペンスなんだ、俺は刺さないポンドだけど","おまえサスペンスなんだ","俺は刺さないポンドだけど","さすぺんす","ささないぽんど",https://twitter.com/undefined/status/1946935535014232472
"おまえ血飛沫なんだ、俺は救命防具だけど","おまえ血飛沫なんだ","俺は救命防具だけど","ちしぶき","きゅうめいぼうぐ",https://twitter.com/undefined/status/1946084657403142218
"おまえ和菓子なんだ、俺はおまえの弟子だけど","おまえ和菓子なんだ","俺はおまえの弟子だけど","わがし","おまえのでし",https://twitter.com/undefined/status/1930574074524356938
"おまえ妻帯者なんだ、俺は咲かない患者だけど","おまえ妻帯者なんだ","俺は咲かない患者だけど","さいたいしゃ","さかないかんじゃ",https://twitter.com/undefined/status/1940669858234167650
"おまえお惣菜なんだ、俺は早うざくないだけど","おまえお惣菜なんだ","俺は早うざくないだけど","おそうざい","はやうざくない",https://twitter.com/undefined/status/1930209730561224769
"おまえ歯科医院なんだ、俺はパネラーアウトだけど","おまえ歯科医院なんだ","俺はパネラーアウトだけど","しかいいん","ぱねらーあうと",https://twitter.com/undefined/status/1942898155248632058
"おまえクロスカントリーなんだ、俺は白好き狛犬だけど","おまえクロスカントリーなんだ","俺は白好き狛犬だけど","くろすかんとりー","しろすきこまいぬ",https://twitter.com/undefined/status/1932963126779195704
"おまえ集合知なんだ、俺は週七投げだけど","おまえ集合知なんだ","俺は週七投げだけど","しゅうごうち","しゅうなななげ",https://twitter.com/undefined/status/1930940813397164468
"おまえ湯煙なんだ、俺は戻れ可能だけど","おまえ湯煙なんだ","俺は戻れ可能だけど","ゆけむり","もどれかのう",https://twitter.com/undefined/status/1954420665836306722
"おまえサスペンスなんだ、俺は刺さないポンドだけど","おまえサスペンスなんだ","俺は刺さないポンドだけど","さすぺんす","ささないぽんど",https://twitter.com/undefined/status/1946935535014232472
"おまえ血飛沫なんだ、俺は救命防具だけど","おまえ血飛沫なんだ","俺は救命防具だけど","ちしぶき","きゅうめいぼうぐ",https://twitter.com/undefined/status/1946084657403142218
"おまえドストライクなんだ、俺はチャカアンドラブだけど","おまえドストライクなんだ","俺はチャカアンドラブだけど","どすとらいく","ちゃかあんどらぶ",https://twitter.com/undefined/status/1944335378908922226
"おまえ歯科医院なんだ、俺はパネラーアウトだけど","おまえ歯科医院なんだ","俺はパネラーアウトだけど","しかいいん","ぱねらーあうと",https://twitter.com/undefined/status/1942898155248632058
"おまえ妻帯者なんだ、俺は咲かない患者だけど","おまえ妻帯者なんだ","俺は咲かない患者だけど","さいたいしゃ","さかないかんじゃ",https://twitter.com/undefined/status/1940669858234167650
"おまえ半導体なんだ、俺はフットシンガーだけど","おまえ半導体なんだ","俺はフットシンガーだけど","はんどうたい","ふっとしんがー",https://twitter.com/undefined/status/1940238091421430184
"おまえアキネーターなんだ、俺は春シャーリーだけど","おまえアキネーターなんだ","俺は春シャーリーだけど","あきねーたー","はるしゃーりー",https://twitter.com/undefined/status/1938063804644135058
"おまえ整骨院なんだ、俺は明菜トリプルだけど","おまえ整骨院なんだ","俺は明菜トリプルだけど","せいこついん","あきなとりぷる",https://twitter.com/undefined/status/1937040820810785124
"おまえリソースなんだ、俺は現実醤油だけど","おまえリソースなんだ","俺は現実醤油だけど","りそーす","げんじつしょうゆ",https://twitter.com/undefined/status/1934844737116344346
"おまえクロスカントリーなんだ、俺は白好き狛犬だけど","おまえクロスカントリーなんだ","俺は白好き狛犬だけど","くろすかんとりー","しろすきこまいぬ",https://twitter.com/undefined/status/1932963126779195704
"おまえ集合知なんだ、俺は週七投げだけど","おまえ集合知なんだ","俺は週七投げだけど","しゅうごうち","しゅうなななげ",https://twitter.com/undefined/status/1930940813397164468
"おまえ和菓子なんだ、俺はおまえの弟子だけど","おまえ和菓子なんだ","俺はおまえの弟子だけど","わがし","おまえのでし",https://twitter.com/undefined/status/1930574074524356938
"おまえお惣菜なんだ、俺は早うざくないだけど","おまえお惣菜なんだ","俺は早うざくないだけど","おそうざい","はやうざくない",https://twitter.com/undefined/status/1930209730561224769
"おまえエンドロールなんだ、俺はドル土買うだけど","おまえエンドロールなんだ","俺はドル土買うだけど","えんどろーる","どるつちかう",https://twitter.com/undefined/status/1927894728860643548
"おまえ崎陽軒なんだ、俺は阻害受けるけど","おまえ崎陽軒なんだ","俺は阻害受けるけど","さきようけん","そがいうける",https://twitter.com/undefined/status/1927174674913296683
"おまえいただきますなんだ、俺は棒抱きませんだけど","おまえいただきますなんだ","俺は棒抱きませんだけど","いただきます","ぼうだきません",https://twitter.com/undefined/status/1924777858666528773
"おまえワンコインなんだ、俺はニャンコアウトだけど","おまえワンコインなんだ","俺はニャンコアウトだけど","わんこいん","にゃんこあうと",https://twitter.com/undefined/status/1915265704745722329
"おまえ決定機なんだ、俺は殴って帰りだけど","おまえ決定機なんだ","俺は殴って帰りだけど","けっていき","なぐってかえり",https://twitter.com/undefined/status/1909443762625167556
"おまえ叩き売りなんだ、俺は少々茄子だけど","おまえ叩き売りなんだ","俺は少々茄子だけど","たたきうり","しょうしょうなす",https://twitter.com/undefined/status/1906559951306453315
"おまえひたすらなんだ、俺は浸さないレだけど","おまえひたすらなんだ","俺は浸さないレだけど","ひたすら","ひたさないれ",https://twitter.com/undefined/status/1904045640931266830
"おまえヘルパーなんだ、俺は増えるグーだけど","おまえヘルパーなんだ","俺は増えるグーだけど","へるぱー","ふえるぐー",https://twitter.com/undefined/status/1899404151509135688
"おまえジンギスカンなんだ、俺は不道徳好きだけど","おまえジンギスカンなんだ","俺は不道徳好きだけど","じんぎすかん","ふどうとくすき",https://twitter.com/undefined/status/1897982150596764078
"おまえスキーヤーなんだ、俺は嫌い好きーだけど","おまえスキーヤーなんだ","俺は嫌い好きーだけど","すきーやー","きらいすきー",https://twitter.com/undefined/status/1897147870773678221
"おまえバルサミコ酢なんだ、俺はレアル神主ひとりだけど","おまえバルサミコ酢なんだ","俺はレアル神主ひとりだけど","ばるさみこす","れあるかんぬしひとり",https://twitter.com/undefined/status/1896515682029978110
"おまえストレスなんだ、俺は醤油取るな醤油だけど","おまえストレスなんだ","俺は醤油取るな醤油だけど","すとれす","しょうゆとるなしょうゆ",https://twitter.com/undefined/status/1894067015242985922
"おまえシロノワールなんだ、俺は城下町の輪ないけど","おまえシロノワールなんだ","俺は城下町の輪ないけど","しろのわーる","じょうかまちのわない",https://twitter.com/undefined/status/1883441970884034883
"おまえ致し方無しなんだ、俺はいない馬花小金井だけど","おまえ致し方無しなんだ","俺はいない馬花小金井だけど","いたしかたなし","いないうまはなこがねい",https://twitter.com/undefined/status/1882938271816401046
"おまえお伺いなんだ、俺は逃げる被害だけど","おまえお伺いなんだ","俺は逃げる被害だけど","おうかがい","にげるひがい",https://twitter.com/undefined/status/1882290913940259313
"おまえシリコンブラシなんだ、俺は頭わかめ被子だけど","おまえシリコンブラシなんだ","俺は頭わかめ被子だけど","しりこんぶらし","あたまわかめひし",https://twitter.com/undefined/status/1877652175406383565
"おまえカミングスーンなんだ、俺は熟睡奇数ンだけど","おまえカミングスーンなんだ","俺は熟睡奇数ンだけど","かみんぐすーん","じゅくすいきすうん",https://twitter.com/undefined/status/1874061377792598450
"おまえたらい回しなんだ、俺は鮭過去鷹だけど","おまえたらい回しなんだ","俺は鮭過去鷹だけど","たらいまわし","さけかこたか",https://twitter.com/undefined/status/1873648297338098036
"おまえココアシガレットなんだ、俺はそこ手クレープだけど","おまえココアシガレットなんだ","俺はそこ手クレープだけど","ここあしがれっと","そこてくれーぷ",https://twitter.com/undefined/status/1873286507303506247
"おまえ歯槽膿漏なんだ、俺は大葉ドス買おうだけど","おまえ歯槽膿漏なんだ","俺は大葉ドス買おうだけど","しそうのうろう","おおばどすかおう",https://twitter.com/undefined/status/1870481091158831488
"おまえ梱包材なんだ、俺はラジカセうざくないけど","おまえ梱包材なんだ","俺はラジカセうざくないけど","こんぽうざい","らじかせうざくない",https://twitter.com/undefined/status/1869905385659982107
"おまえTWICEなんだ、俺は刹那机だけど","おまえTWICEなんだ","俺は刹那机だけど","てぃーだぶりゅーあいしーいー","せつなつくえ",https://twitter.com/undefined/status/1863385729797406889
"おまえ餅つき大会なんだ、俺は持たれつ失望魚だけど","おまえ餅つき大会なんだ","俺は持たれつ失望魚だけど","もちつきたいかい","もたれつしつぼうさかな",https://twitter.com/undefined/status/1863141061578944966
"おまえ不躾なんだ、俺はクラブルームハゲだけど","おまえ不躾なんだ","俺はクラブルームハゲだけど","ぶしつけ","くらぶるーむはげ",https://twitter.com/undefined/status/1857997084315758947
"おまえアルトバイエルンなんだ、俺は無いカジノ言えないんだけど","おまえアルトバイエルンなんだ","俺は無いカジノ言えないんだけど","あるとばいえるん","ないかじのいえないん",https://twitter.com/undefined/status/1857401468829204542
"おまえ一人親方なんだ、俺は動物デジャネイロ犬小屋だけど","おまえ一人親方なんだ","俺は動物デジャネイロ犬小屋だけど","いちひとおやかた","どうぶつでじゃねいろいぬごや",https://twitter.com/undefined/status/1855647289853026477
"おまえウクライナなんだ、俺は沈むフライだけど","おまえウクライナなんだ","俺は沈むフライだけど","うくらいな","しずむふらい",https://twitter.com/undefined/status/1854394084175290470
"おまえ日光浴なんだ、俺は三っ個左翼だけど","おまえ日光浴なんだ","俺は三っ個左翼だけど","にっこうよく","さんっこさよく",https://twitter.com/undefined/status/1851425810412159051
"おまえご確認なんだ、俺は段違い侍だけど","おまえご確認なんだ","俺は段違い侍だけど","ごかくにん","だんちがいさむらい",https://twitter.com/undefined/status/1851420163004121442
"おまえ炙りカルビなんだ、俺はブユ社会フリガナだけど","おまえ炙りカルビなんだ","俺はブユ社会フリガナだけど","あぶりかるび","ぶゆしゃかいふりがな",https://twitter.com/undefined/status/1849679277983400442
"おまえシリカゲルなんだ、俺は尻嗅げないけど","おまえシリカゲルなんだ","俺は尻嗅げないけど","しりかげる","しりかげない",https://twitter.com/undefined/status/1849678866727780801
"おまえ居候なんだ、俺は浜買おうだけど","おまえ居候なんだ","俺は浜買おうだけど","いそうろう","はまかおう",https://twitter.com/undefined/status/1846024243605393856
"おまえ好都合なんだ、俺は順子ステイだけど","おまえ好都合なんだ","俺は順子ステイだけど","こうつごう","じゅんこすてい",https://twitter.com/undefined/status/1844942870517776897
"おまえ私小説なんだ、俺はライブラリアン左折だけど","おまえ私小説なんだ","俺はライブラリアン左折だけど","わたししょうせつ","らいぶらりあんさせつ",https://twitter.com/undefined/status/1843168399423373799
"おまえわかめの味噌汁なんだ、俺は老けめのみならず褒めるけど","おまえわかめの味噌汁なんだ","俺は老けめのみならず褒めるけど","わかめのみそしる","ふけめのみならずほめる",https://twitter.com/undefined/status/1842150959683948652
"おまえネットリテラシーなんだ、俺はあっさり神社Dだけど","おまえネットリテラシーなんだ","俺はあっさり神社Dだけど","ねっとりてらしー","あっさりじんじゃでぃー",https://twitter.com/undefined/status/1839617959507140647
"おまえ煮卵なんだ、俺は似てない祖父母だけど","おまえ煮卵なんだ","俺は似てない祖父母だけど","にたまご","にてないそふぼ",https://twitter.com/undefined/status/1838374304930562290
"おまえ被ダメージなんだ、俺はプリーツ魔法使いだけど","おまえ被ダメージなんだ","俺はプリーツ魔法使いだけど","ひだめーじ","ぷりーつまほうつかい",https://twitter.com/undefined/status/1837728630606385408
"おまえ炭水化物なんだ、俺はクローゼットたこ撲たないけど","おまえ炭水化物なんだ","俺はクローゼットたこ撲たないけど","たんすいかぶつ","くろーぜっとたこなぐたない",https://twitter.com/undefined/status/1835839738131124290
"おまえコントローラーなんだ、俺は漫才ダレノガレだけど","おまえコントローラーなんだ","俺は漫才ダレノガレだけど","こんとろーらー","まんざいだれのがれ",https://twitter.com/undefined/status/1832674285460320441
"おまえフリーランスなんだ、俺は有利欲しいっすだけど","おまえフリーランスなんだ","俺は有利欲しいっすだけど","ふりーらんす","ゆうりほしいっす",https://twitter.com/undefined/status/1832252585841140091
"おまえ経験値なんだ、俺はL誤検知だけど","おまえ経験値なんだ","俺はL誤検知だけど","けいけんち","えるごけんち",https://twitter.com/undefined/status/1831856465411502141
"おまえソサエティなんだ、俺はチーズさえお茶だけど","おまえソサエティなんだ","俺はチーズさえお茶だけど","そさえてぃ","ちーずさえおちゃ",https://twitter.com/undefined/status/1831488556583546968
"おまえクライフターンなんだ、俺は明るいぶんたーんだけど","おまえクライフターンなんだ","俺は明るいぶんたーんだけど","くらいふたーん","あかるいぶんたーん",https://twitter.com/undefined/status/1831189569741668686
"おまえ油淋鶏なんだ、俺は私拷問ーだけど","おまえ油淋鶏なんだ","俺は私拷問ーだけど","ゆーりんちー","わたしごうもんー",https://twitter.com/undefined/status/1830924165496611145
"おまえ産後の恨みなんだ、俺はイソギンチャクの表見ないけど","おまえ産後の恨みなんだ","俺はイソギンチャクの表見ないけど","さんごのうらみ","いそぎんちゃくのおもてみない",https://twitter.com/undefined/status/1830459594495435153
"おまえザンギエフなんだ、俺は唐揚げMだけど","おまえザンギエフなんだ","俺は唐揚げMだけど","ざんぎえふ","からあげえむ",https://twitter.com/undefined/status/1828958399071199242
"おまえトリプルアクセルなんだ、俺は魚プッシュ善魔人ブウだけど","おまえトリプルアクセルなんだ","俺は魚プッシュ善魔人ブウだけど","とりぷるあくせる","さかなぷっしゅぜんまじんぶう",https://twitter.com/undefined/status/1828021855573410248
"おまえ人形町なんだ、俺は魚人落胆だけど","おまえ人形町なんだ","俺は魚人落胆だけど","にんぎょうまち","ぎょじんらくたん",https://twitter.com/undefined/status/1826939092527116461
"おまえかくれんぼなんだ、俺は飛車嫌悪だけど","おまえかくれんぼなんだ","俺は飛車嫌悪だけど","かくれんぼ","ひしゃけんお",https://twitter.com/undefined/status/1825842309440876954
"おまえ最高の夏なんだ、俺は超能力ドス冬だけど","おまえ最高の夏なんだ","俺は超能力ドス冬だけど","さいこうのなつ","ちょうのうりょくどすふゆ",https://twitter.com/undefined/status/1825692949419798915
"おまえ馬喰横山なんだ、俺は秘匿縦川だけど","おまえ馬喰横山なんだ","俺は秘匿縦川だけど","ばくろうよこやま","ひとくたてがわ",https://twitter.com/undefined/status/1823543887467831362
"おまえクローバーなんだ、俺は安楽爺だけど","おまえクローバーなんだ","俺は安楽爺だけど","くろーばー","あんらくじい",https://twitter.com/undefined/status/1822088596616311073
"おまえ再公開なんだ、俺は最新直行だけど","おまえ再公開なんだ","俺は最新直行だけど","さいこうかい","さいしんちょっこう",https://twitter.com/undefined/status/1821714206347141589
"おまえエキノコックスなんだ、俺は線路のウェイター一人だけど","おまえエキノコックスなんだ","俺は線路のウェイター一人だけど","えきのこっくす","せんろのうぇいたーいちひと",https://twitter.com/undefined/status/1821056892753633645
"おまえコーライルなんだ、俺はペプシいらないけど","おまえコーライルなんだ","俺はペプシいらないけど","こーらいる","ぺぷしいらない",https://twitter.com/undefined/status/1820616715140841674
"おまえカウンセリングなんだ、俺は売るんバイングだけど","おまえカウンセリングなんだ","俺は売るんバイングだけど","かうんせりんぐ","うるんばいんぐ",https://twitter.com/undefined/status/1820314436818895092
"おまえスムージーなんだ、俺は住まないMP5だけど","おまえスムージーなんだ","俺は住まないMP5だけど","すむーじー","すまないえむぴーご",https://twitter.com/undefined/status/1818920034372403677
"おまえサステナブルなんだ、俺は抜く足労るけど","おまえサステナブルなんだ","俺は抜く足労るけど","さすてなぶる","ぬくあしろうる",https://twitter.com/undefined/status/1818454318120398901
"おまえルーマニアなんだ、俺はライスにわかだけど","おまえルーマニアなんだ","俺はライスにわかだけど","るーまにあ","らいすにわか",https://twitter.com/undefined/status/1815909376391274721
"おまえリソースなんだ、俺は現実醤油だけど","おまえリソースなんだ","俺は現実醤油だけど","りそーす","げんじつしょうゆ",https://twitter.com/undefined/status/1815581295197728955
"おまえオーダーメイドなんだ、俺は足蹴晴れ経度だけど","おまえオーダーメイドなんだ","俺は足蹴晴れ経度だけど","おーだーめいど","あしげはれけいど",https://twitter.com/undefined/status/1815353908472250782
"おまえマテリアルなんだ、俺は行けイマジンだけど","おまえマテリアルなんだ","俺は行けイマジンだけど","まてりある","いけいまじん",https://twitter.com/undefined/status/1811207246636093521
"おまえスキーマなんだ、俺は嫌いリビングだけど","おまえスキーマなんだ","俺は嫌いリビングだけど","すきーま","きらいりびんぐ",https://twitter.com/undefined/status/1808815797466452004
"おまえアメリカなんだ、俺はチョコレート社会だけど","おまえアメリカなんだ","俺はチョコレート社会だけど","あめりか","ちょこれーとしゃかい",https://twitter.com/undefined/status/1804029540802662804
"おまえリスキリングなんだ、俺はムササビリバイビングだけど🐿️","おまえリスキリングなんだ","俺はムササビリバイビングだけど🐿️","りすきりんぐ","むささびりばいびんぐ",https://twitter.com/undefined/status/1803281741442064645
"おまえ鼻呼吸なんだ、俺は太郎さんだけど","おまえ鼻呼吸なんだ","俺は太郎さんだけど","はなこきゅう","たろうさん",https://twitter.com/undefined/status/1803221674202112038
"おまえクライマックスなんだ、俺は明るいミニマムだけど🍅","おまえクライマックスなんだ","俺は明るいミニマムだけど🍅","くらいまっくす","あかるいみにまむ",https://twitter.com/undefined/status/1801065095679676648
"おまえ高気圧ガールなんだ、俺は低俗寒がーるだけど👯‍♀️","おまえ高気圧ガールなんだ","俺は低俗寒がーるだけど👯‍♀️","こうきあつがーる","ていぞくさむがーる",https://twitter.com/undefined/status/1797801706333614125
"おまえアルケミストなんだ、俺は走れ豪雨だけど","おまえアルケミストなんだ","俺は走れ豪雨だけど","あるけみすと","はしれごうう",https://twitter.com/undefined/status/1797106940444897502
"おまえオーガニックなんだ、俺は逃げるがさっかなだけど🐟","おまえオーガニックなんだ","俺は逃げるがさっかなだけど🐟","おーがにっく","にげるがさっかな",https://twitter.com/undefined/status/1795990681954963664
"おまえ溺愛系なんだ、俺はオーダーメイドOだけど","おまえ溺愛系なんだ","俺はオーダーメイドOだけど","できあいけい","おーだーめいどおー",https://twitter.com/undefined/status/1793873064696131588
"おまえヌートバーなんだ、俺は解くと爺だけど⚾️","おまえヌートバーなんだ","俺は解くと爺だけど⚾️","ぬーとばー","とくとじい",https://twitter.com/undefined/status/1793104984915234966
"おまえ港区なんだ、俺はひとり損だけど","おまえ港区なんだ","俺はひとり損だけど","みなとく","ひとりそん",https://twitter.com/undefined/status/1788371841943535797
"おまえ静岡なんだ、俺はうるさバレーだけど","おまえ静岡なんだ","俺はうるさバレーだけど","しずおか","うるさばれー",https://twitter.com/undefined/status/1787290812868677803
"おまえまいばすけっとなんだ、俺はユアバッド主力だけど🏬","おまえまいばすけっとなんだ","俺はユアバッド主力だけど🏬","まいばすけっと","ゆあばっどしゅりょく",https://twitter.com/undefined/status/1784574783189131702
"おまえカラシニコフなんだ、俺はマスタード三個油揚げだけど","おまえカラシニコフなんだ","俺はマスタード三個油揚げだけど","からしにこふ","ますたーどさんこあぶらあげ",https://twitter.com/undefined/status/1779182380072448364
"おまえアンコールなんだ、俺はみたらし買うけど🍡","おまえアンコールなんだ","俺はみたらし買うけど🍡","あんこーる","みたらしかう",https://twitter.com/undefined/status/1778268556758782405
"おまえドヤコンガなんだ、俺はしょんぼりボンゴだけど🪘","おまえドヤコンガなんだ","俺はしょんぼりボンゴだけど🪘","どやこんが","しょんぼりぼんご",https://twitter.com/undefined/status/1777979242036482478
"おまえスーツケースなんだ、俺は醤油しっかりエムだけど🧳","おまえスーツケースなんだ","俺は醤油しっかりエムだけど🧳","すーつけーす","しょうゆしっかりえむ",https://twitter.com/undefined/status/1776195629133566343
"おまえコーカサスオオカブトなんだ、俺は技あり刺さないコクワガタだけど🪲","おまえコーカサスオオカブトなんだ","俺は技あり刺さないコクワガタだけど🪲","こーかさすおおかぶと","わざありささないこくわがた",https://twitter.com/undefined/status/1772445775852687446
"おまえプロテインなんだ、俺はアマ足アウトだけど","おまえプロテインなんだ","俺はアマ足アウトだけど","ぷろていん","あまあしあうと",https://twitter.com/undefined/status/1770960712174907803
"おまえスメルハラスメントなんだ、俺は住めない背中住めるとだけど🏠","おまえスメルハラスメントなんだ","俺は住めない背中住めるとだけど🏠","すめるはらすめんと","すめないせなかすめると",https://twitter.com/undefined/status/1769925338849808770
"おまえノーチラスなんだ、俺ははい集めるだけど","おまえノーチラスなんだ","俺ははい集めるだけど","のーちらす","はいあつめる",https://twitter.com/undefined/status/1769526885514617313
"おまえヒレステーキなんだ、俺は水ありみかーただけど🥩","おまえヒレステーキなんだ","俺は水ありみかーただけど🥩","ひれすてーき","みずありみかーた",https://twitter.com/undefined/status/1768940827743776899
"おまえ台東区なんだ、俺はルーズ沈むだけど","おまえ台東区なんだ","俺はルーズ沈むだけど","たいとうく","るーずしずむ",https://twitter.com/undefined/status/1766342693398188259
"おまえクエン酸なんだ、俺は食べられるアルカリだけど","おまえクエン酸なんだ","俺は食べられるアルカリだけど","くえんさん","たべられるあるかり",https://twitter.com/undefined/status/1763100690736632203
"おまえブレイキングダウンなんだ、俺は慇懃キングでない実力だけど","おまえブレイキングダウンなんだ","俺は慇懃キングでない実力だけど","ぶれいきんぐだうん","いんぎんきんぐでないじつりょく",https://twitter.com/undefined/status/1762701891493093784
"おまえコントラストなんだ、俺は漫才スタートだけど","おまえコントラストなんだ","俺は漫才スタートだけど","こんとらすと","まんざいすたーと",https://twitter.com/undefined/status/1759070466822807727
"おまえトレハロースなんだ、俺は取るなグッバイ醤油だけど","おまえトレハロースなんだ","俺は取るなグッバイ醤油だけど","とれはろーす","とるなぐっばいしょうゆ",https://twitter.com/undefined/status/1746813126006444083
"おまえスロースタートなんだ、俺はパチ中濃道だけど","おまえスロースタートなんだ","俺はパチ中濃道だけど","すろーすたーと","ぱちちゅうのうどう",https://twitter.com/undefined/status/1756414068381163853
"おまえハッピーライフなんだ、俺は半纏受諾県だけど","おまえハッピーライフなんだ","俺は半纏受諾県だけど","はっぴーらいふ","はんてんじゅだくけん",https://twitter.com/undefined/status/1756313260314538386
"おまえトリートメントなんだ、俺は狛犬進めないとだけど⛩️","おまえトリートメントなんだ","俺は狛犬進めないとだけど⛩️","とりーとめんと","こまいぬすすめないと",https://twitter.com/undefined/status/1756194527772389414
"おまえ片田舎なんだ、俺はやわらかい外だけど","おまえ片田舎なんだ","俺はやわらかい外だけど","かたいなか","やわらかいそと",https://twitter.com/undefined/status/1754115536978661543
"おまえ女騎士なんだ、俺はオフ笑い弟子だけど🤣","おまえ女騎士なんだ","俺はオフ笑い弟子だけど🤣","おんなきし","おふわらいでし",https://twitter.com/undefined/status/1750973601006911646
"おまえオスカーなんだ、俺は押さないバイセコーだけど","おまえオスカーなんだ","俺は押さないバイセコーだけど","おすかー","おさないばいせこー",https://twitter.com/undefined/status/1750578226022486083
"おまえ明朗会計なんだ、俺はダンジョン直行Jだけど","おまえ明朗会計なんだ","俺はダンジョン直行Jだけど","めいろうかいけい","だんじょんちょっこうじぇー",https://twitter.com/undefined/status/1749290434545999930
"おまえ渡り廊下なんだ、俺はコットンスティッチ蛹化だけど","おまえ渡り廊下なんだ","俺はコットンスティッチ蛹化だけど","わたりろうか","こっとんすてぃっちようか",https://twitter.com/undefined/status/1744584204598534550
"おまえ和気藹々なんだ、俺は膝スローロリスだけど🐒","おまえ和気藹々なんだ","俺は膝スローロリスだけど🐒","わきあいあい","ひざすろーろりす",https://twitter.com/undefined/status/1742861215301587095
"おまえジョージ・クルーニーなんだ、俺は随時狂わない膝だけど🧎‍♀️","おまえジョージ・クルーニーなんだ","俺は随時狂わない膝だけど🧎‍♀️","じょーじ・くるーにー","ずいじくるわないひざ",https://twitter.com/undefined/status/1732208181567459733
"おまえシュノーケルなんだ、俺は官房長官蹴らないけど","おまえシュノーケルなんだ","俺は官房長官蹴らないけど","しゅのーける","かんぼうちょうかんけらない",https://twitter.com/undefined/status/1731190250096267622
"おまえサバイバルナイフなんだ、俺はマグロ威張れ安堵だけど🍣","おまえサバイバルナイフなんだ","俺はマグロ威張れ安堵だけど🍣","さばいばるないふ","まぐろいばれあんど",https://twitter.com/undefined/status/1724668717894889495
"おまえ英雄の剣なんだ、俺はソフトバンクの盾だけど","おまえ英雄の剣なんだ","俺はソフトバンクの盾だけど","えいゆうのけん","そふとばんくのたて",https://twitter.com/undefined/status/1724444037091123607
"おまえニンニクなんだ、俺は侍魚だけど🤺","おまえニンニクなんだ","俺は侍魚だけど🤺","にんにく","さむらいさかな",https://twitter.com/undefined/status/1703747587302707423
"おまえカルシウムなんだ、俺は重し産まないけど","おまえカルシウムなんだ","俺は重し産まないけど","かるしうむ","おもしうまない",https://twitter.com/undefined/status/1723545838755160180
"おまえトートバッグなんだ、俺は尊くないポーチだけど👝","おまえトートバッグなんだ","俺は尊くないポーチだけど👝","とーとばっぐ","とうとくないぽーち",https://twitter.com/undefined/status/1723155862347472970
"おまえいけしゃあしゃあなんだ、俺は来るなアムロアムロだけど🤖","おまえいけしゃあしゃあなんだ","俺は来るなアムロアムロだけど🤖","いけしゃあしゃあ","くるなあむろあむろ",https://twitter.com/undefined/status/1716337025702592704
"おまえ俺次第なんだ、俺はエスプレッソ国立だけど","おまえ俺次第なんだ","俺はエスプレッソ国立だけど","おれしだい","えすぷれっそこくりつ",https://twitter.com/undefined/status/1711351659522375993
"おまえアンケートなんだ、俺はみたらし化繊だけど👕","おまえアンケートなんだ","俺はみたらし化繊だけど👕","あんけーと","みたらしかせん",https://twitter.com/undefined/status/1710537027928854932
"おまえ一切合切なんだ、俺はKENZO甲賀カバだけど","おまえ一切合切なんだ","俺はKENZO甲賀カバだけど","いっさいがっさい","けーいーえんぜっとおーこうがかば",https://twitter.com/undefined/status/1706667467437953518
"おまえコレステロールなんだ、俺はあれ捨てるな買えだけど","おまえコレステロールなんだ","俺はあれ捨てるな買えだけど","これすてろーる","あれすてるなかえ",https://twitter.com/undefined/status/1706505159269138887
"おまえオートミールなんだ、俺は手動見なーいだけど","おまえオートミールなんだ","俺は手動見なーいだけど","おーとみーる","しゅどうみなーい",https://twitter.com/undefined/status/1706233741558140962
"おまえご提案なんだ、俺は先手拷問だけど","おまえご提案なんだ","俺は先手拷問だけど","ごていあん","せんてごうもん",https://twitter.com/undefined/status/1705394317265883334
"おまえスイカゲームなんだ、俺は吐き光Sだけど🍉","おまえスイカゲームなんだ","俺は吐き光Sだけど🍉","すいかげーむ","はきひかりえす",https://twitter.com/undefined/status/1705058820463219168
"おまえ思いのままなんだ、俺は軽いのパパだけど👨","おまえ思いのままなんだ","俺は軽いのパパだけど👨","おもいのまま","かるいのぱぱ",https://twitter.com/undefined/status/1724261836038787276
"おまえ官房長官なんだ、俺は瓶収縮瓶だけど🫙","おまえ官房長官なんだ","俺は瓶収縮瓶だけど🫙","かんぼうちょうかん","びんしゅうしゅくびん",https://twitter.com/undefined/status/1703321837906874433
"おまえドデカミンなんだ、俺は小熟睡だけど💤","おまえドデカミンなんだ","俺は小熟睡だけど💤","どでかみん","しょうじゅくすい",https://twitter.com/undefined/status/1702227419866993115
"おまえ宇都宮なんだ、俺は躁カフェだけど☕️","おまえ宇都宮なんだ","俺は躁カフェだけど☕️","うつのみや","そうかふぇ",https://twitter.com/undefined/status/1701881960258494496
"おまえ安めぐみなんだ、俺は高めチョコだけど🍫","おまえ安めぐみなんだ","俺は高めチョコだけど🍫","やすめぐみ","たかめちょこ",https://twitter.com/undefined/status/1697446900222546220
"おまえスーパー大麦なんだ、俺は吐くグー小ライスだけど✊🍚","おまえスーパー大麦なんだ","俺は吐くグー小ライスだけど✊🍚","すーぱーおおむぎ","はくぐーしょうらいす",https://twitter.com/undefined/status/1692378239933841522
"おまえ幕之内なんだ、俺はモスの外だけど🍔","おまえ幕之内なんだ","俺はモスの外だけど🍔","まくのうち","もすのそと",https://twitter.com/undefined/status/1684764043129786368
"おまえ老廃物なんだ、俺はハイロー撲たないだけど🤛","おまえ老廃物なんだ","俺はハイロー撲たないだけど🤛","ろうはいぶつ","はいろーなぐたない",https://twitter.com/undefined/status/1679275361316769792
"おまえ金縛りなんだ、俺は嬉しグアムだけど🇬🇺","おまえ金縛りなんだ","俺は嬉しグアムだけど🇬🇺","かなしばり","うれしぐあむ",https://twitter.com/undefined/status/1674660193236578304
"おまえホメオスタシスなんだ、俺は褒めない雌引くしだけど","おまえホメオスタシスなんだ","俺は褒めない雌引くしだけど","ほめおすたしす","ほめないめすひくし",https://twitter.com/undefined/status/1674027319277780994